Column1,Column2,Column3,Column4,Column5,Column6,Column7,Column8,Column9,Column10
SerialNumber: DCB535485BF5-6D2D,,,,,,,,,
time,ax,ay,az,gx,gy,gz,mx,my,mz
,,,,,,,,,
06-26-2025 19:30:15.387,0.031964,-0.098088,0.981368,8.225,0.665,17.57,0.195,0.273,-0.1875
06-26-2025 19:30:15.427,0.030744,-0.07198,1.063596,6.615,1.645,20.615,0.1875,0.2805,-0.189
06-26-2025 19:30:15.467,0.020008,-0.05002,0.97722,2.17,1.33,24.08,0.189,0.288,-0.1875
06-26-2025 19:30:15.507,0.044896,-0.083204,0.935984,2.94,1.4,24.71,0.1935,0.285,-0.192
06-26-2025 19:30:15.547,0.02196,-0.077836,1.06994,-0.91,0.105,30.03,0.198,0.2895,-0.1875
06-26-2025 19:30:15.587,-0.009028,-0.049776,0.982832,-4.095,2.24,32.865,0.198,0.297,-0.189
06-26-2025 19:30:15.627,-0.052216,0.044652,0.891332,-7.07,1.12,32.27,0.2055,0.3135,-0.1815
06-26-2025 19:30:15.667,-0.027328,-0.08686399,1.086532,-5.985,0.735,26.95,0.2085,0.312,-0.183
06-26-2025 19:30:15.707,0.006344,-0.037088,1.069452,-9.73,1.26,24.92,0.21,0.3285,-0.1755
06-26-2025 19:30:15.747,0.03904,0.062708,0.955016,-9.59,-0.525,24.22,0.216,0.3255,-0.165
06-26-2025 19:30:15.787,0.025132,-0.001708,1.009672,-10.08,0.42,15.47,0.2025,0.3405,-0.168
06-26-2025 19:30:15.827,0.019032,0.0183,1.010404,-12.53,-0.91,7.385,0.204,0.348,-0.168
06-26-2025 19:30:15.867,-0.04514,0.04148,0.980392,-9.1,-0.595,4.375,0.198,0.351,-0.165
06-26-2025 19:30:15.907,0.02806,-0.08052,0.940132,-5.355,-2.275,0.385,0.1815,0.354,-0.159
06-26-2025 19:30:15.947,0.035136,0.065636,1.026264,-6.825,-0.875,-6.44,0.1755,0.36,-0.1485
06-26-2025 19:30:15.987,0.045628,0.061,0.936228,-5.075,-0.42,-15.33,0.1605,0.348,-0.144
06-26-2025 19:30:16.027,0.00732,-0.067588,0.99918,-5.005,-0.63,-20.965,0.1605,0.348,-0.144
06-26-2025 19:30:16.067,0.030256,-0.08906,0.976976,-2.52,-0.875,-19.18,0.1305,0.3405,-0.1365
06-26-2025 19:30:16.107,0.043432,-0.103944,1.022848,1.05,-1.155,-18.585,0.1185,0.3345,-0.138
06-26-2025 19:30:16.147,0.016104,-0.071492,0.97356,-0.245,-0.7,-16.625,0.123,0.324,-0.1305
06-26-2025 19:30:16.187,-0.014152,-0.07686,0.976488,-0.21,0,-13.79,0.108,0.318,-0.1365
06-26-2025 19:30:16.227,-0.022448,-0.017568,1.030168,-0.56,0.28,-11.48,0.114,0.321,-0.135
06-26-2025 19:30:16.267,0.01952,0.044164,1.155096,-1.435,-0.63,-11.62,0.114,0.321,-0.135
06-26-2025 19:30:16.307,0.087352,0.006588,0.84912,-1.855,1.715,-13.86,0.1185,0.3075,-0.1485
06-26-2025 19:30:16.347,-0.077104,0.046604,1.067744,-2.275,0.7,-19.985,0.1185,0.2985,-0.1485
06-26-2025 19:30:16.387,0.092476,-0.072712,0.896944,-1.68,-1.26,-23.45,0.1155,0.2925,-0.15
06-26-2025 19:30:16.427,0.168848,-0.147376,1.180228,1.435,7.07,-19.67,0.12,0.2805,-0.15
06-26-2025 19:30:16.467,-0.04758,0.038552,1.199992,-0.525,8.015,-13.545,0.12,0.273,-0.1455
06-26-2025 19:30:16.507,-0.078812,-0.0732,0.555344,8.435,3.71,-23.415,0.12,0.273,-0.1455
06-26-2025 19:30:16.547,0.324764,-0.005124,2.010804,5.775,-8.4,-22.085,0.129,0.255,-0.135
06-26-2025 19:30:16.587,-0.04636,-0.051728,0.760304,1.05,21.7,-12.25,0.123,0.2565,-0.1395
06-26-2025 19:30:16.627,0.06954,-0.20496,0.8662,7.7,2.17,-22.82,0.1395,0.252,-0.1305
06-26-2025 19:30:16.667,-0.140056,0.03904,1.066036,-1.015,11.165,-13.335,0.1365,0.2325,-0.135
06-26-2025 19:30:16.707,-0.093696,-0.225212,1.026752,1.96,4.515,-8.19,0.147,0.2355,-0.138
06-26-2025 19:30:16.747,-0.024644,-0.085156,0.975756,0.035,3.57,2.765,0.156,0.2265,-0.144
06-26-2025 19:30:16.787,0.027328,0.062952,0.998448,-0.175,3.885,-0.315,0.1575,0.228,-0.1395
06-26-2025 19:30:16.827,-0.02684,-0.030012,0.96746,3.92,1.47,-7.63,0.156,0.2235,-0.1365
06-26-2025 19:30:16.867,-0.023424,-0.13176,0.994056,4.585,-0.945,-6.545,0.1485,0.219,-0.141
06-26-2025 19:30:16.907,-0.025864,-0.021228,0.984296,1.015,4.2,-1.295,0.144,0.225,-0.1485
06-26-2025 19:30:16.947,-0.044164,-0.044408,0.999912,4.515,1.96,-3.745,0.1485,0.213,-0.156
06-26-2025 19:30:16.987,-0.049288,-0.028548,0.952088,3.57,-0.735,-2.45,0.1365,0.2205,-0.147
06-26-2025 19:30:17.027,-0.013908,-0.035624,0.996984,5.88,-1.435,-2.03,0.1395,0.2145,-0.1455
06-26-2025 19:30:17.067,-0.024156,-0.108824,1.053104,4.2,-1.05,-0.035,0.1485,0.2145,-0.1545
06-26-2025 19:30:17.107,-0.066856,-0.072468,0.96868,4.41,0.875,1.015,0.1425,0.2025,-0.156
06-26-2025 19:30:17.147,-0.016348,-0.091988,1.021384,3.325,1.26,4.2,0.135,0.2025,-0.156
06-26-2025 19:30:17.187,-0.029036,-0.153232,0.95282,6.51,-10.605,9.695,0.144,0.201,-0.156
06-26-2025 19:30:17.227,-0.164456,-0.0427,0.927444,3.675,-2.695,10.71,0.144,0.1995,-0.162
06-26-2025 19:30:17.267,-0.092964,-0.007076,1.137772,4.025,-7.07,4.55,0.1395,0.201,-0.1635
06-26-2025 19:30:17.307,0.230824,-0.085644,0.898164,6.685,-9.625,8.33,0.1335,0.201,-0.168
06-26-2025 19:30:17.347,0.148596,-0.083692,1.138504,6.23,-8.12,16.835,0.138,0.1905,-0.1725
06-26-2025 19:30:17.387,0.09467199,-0.088328,1.021384,7.805,-10.15,12.985,0.132,0.1995,-0.1725
06-26-2025 19:30:17.427,-0.201056,-0.017812,0.9028,5.6,-4.585,12.425,0.132,0.198,-0.1665
06-26-2025 19:30:17.467,-0.331352,-0.16958,1.088484,7.245,-7.315,15.085,0.135,0.1965,-0.1725
06-26-2025 19:30:17.507,-0.068564,-0.055632,1.03578,4.725,-2.905,20.51,0.132,0.198,-0.1725
06-26-2025 19:30:17.547,0.067588,0.000976,0.909632,1.96,2.8,20.58,0.132,0.1935,-0.174
06-26-2025 19:30:17.587,-0.0427,-0.110288,0.975756,5.81,-0.84,17.08,0.12,0.2055,-0.1665
06-26-2025 19:30:17.627,0.061488,-0.040748,1.170224,2.87,1.68,22.4,0.1335,0.195,-0.1665
06-26-2025 19:30:17.667,0.003172,-0.028304,0.9699,0.245,3.255,27.51,0.15,0.2085,-0.1665
06-26-2025 19:30:17.707,-0.091256,-0.146156,1.076772,2.73,0.56,24.675,0.144,0.204,-0.162
06-26-2025 19:30:17.747,0.0061,-0.087108,1.030412,-1.015,1.54,27.125,0.1545,0.201,-0.174
06-26-2025 19:30:17.787,-0.029768,-0.030988,0.809104,-3.885,4.235,30.1,0.156,0.2055,-0.1725
06-26-2025 19:30:17.827,0.003172,-0.107116,1.069208,2.065,2.31,26.775,0.1695,0.21,-0.1695
06-26-2025 19:30:17.867,0.034404,-0.08686399,0.988932,-0.77,3.01,27.265,0.1755,0.213,-0.1725
06-26-2025 19:30:17.907,-0.03294,-0.047824,1.125084,-1.68,1.925,28.56,0.174,0.2235,-0.1695
06-26-2025 19:30:17.947,0.0061,-0.07198,0.976732,-1.995,4.025,27.86,0.171,0.2085,-0.1635
06-26-2025 19:30:17.987,0.036356,-0.046604,1.024556,-4.69,4.41,28.175,0.1875,0.21,-0.1695
06-26-2025 19:30:18.027,-0.022936,-0.06222,1.09678,-4.76,4.165,27.02,0.18,0.2145,-0.1605
06-26-2025 19:30:18.067,0.00122,-0.035868,1.000888,-5.285,0.875,24.43,0.201,0.213,-0.159
06-26-2025 19:30:18.107,-0.019764,-0.042212,1.017236,-4.865,0.665,21.07,0.1995,0.2115,-0.1635
06-26-2025 19:30:18.147,0.014884,-0.045628,0.971852,-5.985,-1.575,18.235,0.2115,0.2145,-0.1635
06-26-2025 19:30:18.187,-0.028792,-0.034404,1.044808,-3.885,-0.735,14.875,0.2145,0.2115,-0.1635
06-26-2025 19:30:18.227,0.05368,-0.051484,0.9211,-4.27,-1.26,12.635,0.2085,0.219,-0.1695
06-26-2025 19:30:18.267,0.099796,0.008296,0.952576,-5.495,-2.03,12.25,0.2025,0.2115,-0.1695
06-26-2025 19:30:18.307,0.005124,-0.010736,0.998936,-3.43,-2.975,9.66,0.2115,0.2115,-0.1785
06-26-2025 19:30:18.347,0.007564,-0.020496,0.97478,-2.52,-3.43,4.375,0.207,0.2115,-0.177
06-26-2025 19:30:18.387,0.018056,-0.046604,1.006256,-2.695,-2.8,0.665,0.2115,0.2115,-0.171
06-26-2025 19:30:18.427,-0.022936,-0.069296,0.931104,-2.17,-1.12,0.175,0.2055,0.21,-0.1725
06-26-2025 19:30:18.467,0.095648,-0.049288,0.961848,-1.33,-0.735,0.91,0.231,0.207,-0.1785
06-26-2025 19:30:18.507,0.01464,-0.028792,1.003572,-0.14,0.385,-0.385,0.216,0.2175,-0.1725
06-26-2025 19:30:18.547,0.0122,-0.015128,0.925004,0.175,-1.435,-2.38,0.222,0.213,-0.183
06-26-2025 19:30:18.587,0.0488,0.001464,0.967216,-2.24,-0.455,-3.15,0.225,0.2085,-0.189
06-26-2025 19:30:18.627,0.09272,-0.030744,1.025044,-1.715,0.07,-4.235,0.2235,0.21,-0.1845
06-26-2025 19:30:18.667,0.036112,-0.029768,0.940376,-2.555,0.875,-3.885,0.2115,0.2145,-0.192
06-26-2025 19:30:18.707,-0.05246,-0.12932,1.04432,-1.12,0.14,-2.345,0.21,0.216,-0.192
06-26-2025 19:30:18.747,-0.046604,-0.032696,0.990396,-0.49,3.43,-4.865,0.219,0.21,-0.1875
06-26-2025 19:30:18.787,-0.086376,-0.066612,1.018456,1.085,1.89,-8.575,0.2235,0.213,-0.204
06-26-2025 19:30:18.827,-0.11346,0.02318,1.036268,0,1.19,-10.15,0.2115,0.2145,-0.201
06-26-2025 19:30:18.867,0.01586,-0.093696,1.057496,1.89,2.59,-11.585,0.2025,0.2085,-0.201
06-26-2025 19:30:18.907,0.023912,-0.008052,0.993812,2.8,2.73,-14.105,0.195,0.219,-0.195
06-26-2025 19:30:18.947,-0.005124,-0.00976,1.102148,2.415,2.24,-15.75,0.2115,0.2025,-0.201
06-26-2025 19:30:18.987,0.031232,0.008052,1.01626,3.22,1.75,-16.625,0.207,0.216,-0.2085
06-26-2025 19:30:19.027,0.057096,-0.137616,1.076772,5.53,2.66,-14.245,0.204,0.2145,-0.207
06-26-2025 19:30:19.067,0.072712,-0.08906,1.05774,3.955,0.105,-11.515,0.2055,0.198,-0.2085
06-26-2025 19:30:19.107,0.006832,-0.029524,1.030656,5.985,1.33,-10.325,0.204,0.1995,-0.1995
06-26-2025 19:30:19.147,-0.004148,-0.097844,0.883524,7.28,-3.255,-5.425,0.201,0.201,-0.1905
06-26-2025 19:30:19.187,-0.00122,-0.096868,1.094828,4.9,-3.255,0.49,0.1935,0.1875,-0.207
06-26-2025 19:30:19.227,-0.001464,-0.028304,1.019188,4.515,2.205,-0.175,0.1875,0.1845,-0.204
06-26-2025 19:30:19.267,-0.06466,-0.136152,0.914268,5.915,-0.49,0.91,0.189,0.1935,-0.2025
06-26-2025 19:30:19.307,-0.124196,-0.073932,1.11874,4.655,0.21,6.615,0.1935,0.1815,-0.1965
06-26-2025 19:30:19.347,-0.050996,-0.078568,0.864736,3.64,0.35,8.295,0.1875,0.1845,-0.2025
06-26-2025 19:30:19.387,0.078568,-0.142008,1.137528,5.915,0.805,9.8,0.1995,0.186,-0.1875
06-26-2025 19:30:19.427,-0.07515199,0.01708,0.878888,2.38,0.595,11.305,0.192,0.1845,-0.1935
06-26-2025 19:30:19.467,0.036112,-0.0793,1.053104,4.095,-1.855,10.85,0.198,0.18,-0.192
06-26-2025 19:30:19.507,-0.027328,-0.075884,1.061156,-0.245,1.225,13.825,0.2055,0.1695,-0.201
06-26-2025 19:30:19.547,-0.102236,-0.063928,1.006256,0,0.875,15.05,0.2025,0.1815,-0.204
06-26-2025 19:30:19.587,-0.011956,-0.114924,0.997472,1.12,0.175,14.56,0.195,0.186,-0.2025
06-26-2025 19:30:19.627,0.00488,-0.028792,0.99796,-1.68,0.035,16.205,0.1935,0.171,-0.1905
06-26-2025 19:30:19.667,-0.051728,-0.020984,0.953796,-1.995,-2.205,14.595,0.1995,0.171,-0.2025
06-26-2025 19:30:19.707,-0.046116,-0.022692,1.139724,-2.66,-1.575,12.145,0.195,0.1755,-0.1965
06-26-2025 19:30:19.747,-0.082716,0.091744,0.935496,-2.94,2.66,9.87,0.1995,0.18,-0.189
06-26-2025 19:30:19.787,0.0305,0.042212,1.014796,-1.4,1.75,3.5,0.207,0.1845,-0.1845
06-26-2025 19:30:19.827,0.018788,-0.059292,0.955992,-4.2,-0.56,0.56,0.207,0.177,-0.195
06-26-2025 19:30:19.867,0.001464,0.053192,1.031144,-2.38,-3.01,-1.365,0.207,0.1785,-0.1875
06-26-2025 19:30:19.907,0.042456,0.005368,0.891332,-2.87,-0.7,0.28,0.1965,0.1845,-0.183
06-26-2025 19:30:19.947,0.07515199,0.18422,0.871568,-0.14,-3.08,-3.22,0.204,0.165,-0.1785
06-26-2025 19:30:19.987,0.115656,-0.213012,1.397876,1.295,-0.7,-4.27,0.1995,0.1755,-0.1785
06-26-2025 19:30:20.027,0.0122,0.071736,0.65514,-5.565,4.445,0.455,0.2055,0.1755,-0.183
06-26-2025 19:30:20.067,-0.078568,-0.126392,0.993568,3.43,-4.48,-6.195,0.1995,0.174,-0.18
06-26-2025 19:30:20.107,-0.175192,-0.152256,0.993324,1.89,-1.12,-1.925,0.1845,0.1755,-0.171
06-26-2025 19:30:20.147,0.045628,-0.08418,0.976244,1.75,-4.515,0.245,0.1965,0.171,-0.168
06-26-2025 19:30:20.187,0.09467199,-0.059048,1.009916,2.905,-2.66,-0.175,0.1995,0.162,-0.1695
06-26-2025 19:30:20.227,-0.0183,-0.06832,0.910364,0.945,-2.03,2.38,0.1995,0.1755,-0.168
06-26-2025 19:30:20.267,-0.05368,-0.07808,0.982588,-0.385,-4.165,5.67,0.204,0.18,-0.1695
06-26-2025 19:30:20.307,-0.006832,-0.143472,0.939644,-0.35,-2.31,9.1,0.2085,0.1695,-0.171
06-26-2025 19:30:20.347,0.044652,0,0.95648,-2.38,-4.13,11.235,0.204,0.1725,-0.1755
06-26-2025 19:30:20.387,-0.029768,0.008052,1.07482,-2.94,-1.715,9.31,0.213,0.1725,-0.177
06-26-2025 19:30:20.427,-0.016104,-0.03538,0.971608,-3.29,-0.28,8.015,0.2085,0.186,-0.177
06-26-2025 19:30:20.467,-0.012688,-0.070028,1.012844,-4.655,0.805,7.49,0.213,0.18,-0.165
06-26-2025 19:30:20.507,-0.13176,0.00488,0.887184,-6.195,2.555,4.97,0.219,0.189,-0.1575
06-26-2025 19:30:20.547,0.006588,0.01708,1.073356,-2.8,-3.815,-0.315,0.2325,0.192,-0.168
06-26-2025 19:30:20.587,0.108336,-0.106384,1.101172,-2.625,-1.505,0.105,0.2265,0.1875,-0.1755
06-26-2025 19:30:20.627,0.034404,-0.050752,0.997228,-4.305,-3.045,2.835,0.2265,0.1875,-0.1755
06-26-2025 19:30:20.667,-0.081252,-0.071736,1.138016,-3.43,-1.295,2.835,0.2265,0.1965,-0.1785
06-26-2025 19:30:20.707,-0.09882,-0.109068,0.881816,-4.235,3.43,3.57,0.24,0.1965,-0.1845
06-26-2025 19:30:20.747,-0.01586,-0.05002,0.980636,-5.705,0.77,2.38,0.2235,0.204,-0.195
06-26-2025 19:30:20.787,-0.005124,-0.039772,1.021384,-5.845,4.655,2.73,0.2175,0.2025,-0.195
06-26-2025 19:30:20.827,0.00732,-0.025376,0.920612,-6.93,1.47,0.245,0.2325,0.2055,-0.1935
06-26-2025 19:30:20.867,-0.01708,-0.030988,1.061644,-8.12,3.815,-1.295,0.2325,0.2055,-0.1935
06-26-2025 19:30:20.907,-0.006588,-0.072956,1.054812,-8.19,0.875,-1.015,0.24,0.219,-0.189
06-26-2025 19:30:20.947,-0.027572,-0.030012,1.08458,-9.1,2.415,-0.63,0.2415,0.2085,-0.1995
06-26-2025 19:30:20.987,0.080764,-0.026352,0.983076,-6.685,-0.385,-4.165,0.243,0.207,-0.1995
06-26-2025 19:30:21.027,0.053192,-0.057096,1.153876,-8.225,-0.28,-3.92,0.2385,0.219,-0.201
06-26-2025 19:30:21.067,-0.02318,0.000244,0.849364,-8.155,-0.315,-4.585,0.2415,0.2265,-0.1965
06-26-2025 19:30:21.107,-0.052216,-0.084668,1.049932,-8.785,0.035,-6.825,0.2355,0.222,-0.2085
06-26-2025 19:30:21.147,0.0244,0.019764,0.869372,-7.35,-0.245,-10.08,0.2355,0.225,-0.207
06-26-2025 19:30:21.187,-0.01464,-0.072712,1.149728,-5.705,-0.91,-13.335,0.222,0.228,-0.2025
06-26-2025 19:30:21.227,0.0366,-0.040992,0.921832,-6.755,0.525,-14.21,0.225,0.228,-0.1935
06-26-2025 19:30:21.267,0.071004,-0.032208,1.083116,-6.58,1.015,-16.625,0.228,0.234,-0.189
06-26-2025 19:30:21.307,-0.010736,-0.028304,0.867176,-4.62,1.365,-18.83,0.225,0.243,-0.204
06-26-2025 19:30:21.347,-0.0061,-0.016348,0.926712,-4.34,-1.12,-22.855,0.2265,0.2205,-0.201
06-26-2025 19:30:21.387,0.011468,-0.11346,1.05408,-1.61,-1.26,-23.835,0.225,0.249,-0.2025
06-26-2025 19:30:21.427,0.034892,-0.108092,1.03456,0,4.2,-19.775,0.213,0.24,-0.2025
06-26-2025 19:30:21.467,0.013176,-0.005124,0.961848,-0.07,5.355,-20.65,0.216,0.243,-0.21
06-26-2025 19:30:21.507,-0.017568,0.031232,0.94306,1.47,2.31,-27.335,0.2115,0.2385,-0.207
06-26-2025 19:30:21.547,-0.003416,-0.011956,1.0431,3.185,0.595,-28.805,0.213,0.2355,-0.207
06-26-2025 19:30:21.587,0.112972,-0.072712,1.060668,4.34,4.48,-24.815,0.1995,0.234,-0.207
06-26-2025 19:30:21.627,0.017568,-0.142252,0.98454,4.025,2.38,-23.73,0.2055,0.2295,-0.219
06-26-2025 19:30:21.667,0.007076,-0.085888,1.042612,5.25,3.465,-19.565,0.219,0.24,-0.225
06-26-2025 19:30:21.707,0.016348,-0.153964,0.981124,6.79,4.69,-15.33,0.207,0.2415,-0.231
06-26-2025 19:30:21.747,-0.005368,-0.08686399,0.993812,4.97,4.375,-12.81,0.2145,0.2355,-0.2265
06-26-2025 19:30:21.787,-0.05002,-0.091012,0.90768,4.69,3.92,-9.205,0.2025,0.231,-0.237
06-26-2025 19:30:21.827,0.041968,-0.13298,1.030412,4.55,2.38,-3.815,0.195,0.234,-0.2325
06-26-2025 19:30:21.867,0.052948,-0.144692,0.976976,2.45,2.135,0.035,0.1965,0.2325,-0.228
06-26-2025 19:30:21.907,-0.044652,-0.052948,0.990396,3.045,-0.63,3.955,0.192,0.237,-0.231
06-26-2025 19:30:21.947,0.016836,-0.055144,0.954528,1.75,-0.175,4.165,0.1995,0.2325,-0.237
06-26-2025 19:30:21.987,0.049532,-0.101992,0.939156,2.03,-0.665,2.45,0.1995,0.231,-0.24
06-26-2025 19:30:22.027,-0.0305,-0.058804,0.989664,0.315,0.035,3.22,0.1935,0.234,-0.234
06-26-2025 19:30:22.067,-0.067588,-0.05002,1.02968,1.96,0.735,3.465,0.195,0.225,-0.2385
06-26-2025 19:30:22.107,0.044164,-0.022936,0.953064,1.33,1.995,3.01,0.1875,0.2205,-0.246
06-26-2025 19:30:22.147,0.077348,-0.045872,1.173396,2.135,-1.505,0.21,0.1845,0.225,-0.237
06-26-2025 19:30:22.187,0.057584,-0.063684,0.912072,1.085,0,-0.21,0.183,0.2205,-0.2355
06-26-2025 19:30:22.227,0.074176,-0.142984,0.971608,4.55,-4.41,-1.995,0.195,0.2175,-0.237
06-26-2025 19:30:22.267,-0.083448,-0.146156,0.890356,2.45,-2.065,3.22,0.165,0.204,-0.228
06-26-2025 19:30:22.307,-0.0427,-0.116144,1.067744,2.17,-2.73,8.365,0.1755,0.213,-0.2295
06-26-2025 19:30:22.347,0.008052,-0.06466,0.913536,2.87,0.385,8.68,0.1755,0.21,-0.2235
06-26-2025 19:30:22.387,-0.065148,-0.08174,1.0004,2.625,-1.05,7.84,0.174,0.207,-0.222
06-26-2025 19:30:22.427,-0.068808,-0.072712,0.959408,0.35,0.49,8.785,0.18,0.2025,-0.2205
06-26-2025 19:30:22.467,0.011224,-0.038552,1.077992,-0.735,1.4,8.085,0.177,0.2115,-0.219
06-26-2025 19:30:22.507,0.000976,-0.008052,0.936472,-0.49,3.535,8.645,0.1755,0.2055,-0.219
06-26-2025 19:30:22.547,0.036112,-0.096136,1.084824,-0.07,-0.35,5.705,0.1785,0.1935,-0.207
06-26-2025 19:30:22.587,0.027084,-0.020984,0.945256,-1.295,-0.07,5.04,0.171,0.2055,-0.21
06-26-2025 19:30:22.627,0.079788,-0.072956,1.075308,-0.07,-3.745,5.985,0.171,0.1965,-0.1995
06-26-2025 19:30:22.667,0.028792,-0.034892,0.945012,-2.03,-0.42,5.565,0.177,0.1995,-0.2025
06-26-2025 19:30:22.707,-0.046604,-0.044408,0.995764,-1.05,-3.745,3.255,0.192,0.204,-0.1875
06-26-2025 19:30:22.747,-0.029524,-0.054168,0.932568,-0.07,-0.525,2.24,0.186,0.1995,-0.195
06-26-2025 19:30:22.787,0.003416,-0.023668,0.973804,-1.365,-1.26,-0.84,0.1785,0.1965,-0.201
06-26-2025 19:30:22.827,-0.022448,-0.023912,1.029192,-0.665,2.17,-3.325,0.183,0.1965,-0.1935
06-26-2025 19:30:22.867,0.036112,-0.048312,1.00162,1.12,-1.155,-4.025,0.177,0.192,-0.198
06-26-2025 19:30:22.907,0.01464,-0.007564,1.08458,-0.56,0.875,-3.64,0.1785,0.2055,-0.1965
06-26-2025 19:30:22.947,0.105652,-0.065636,0.936716,1.4,-0.49,-6.23,0.168,0.201,-0.189
06-26-2025 19:30:22.987,0.048312,-0.038796,1.057496,2.695,-0.7,-6.51,0.1665,0.1965,-0.192
06-26-2025 19:30:23.027,0.030744,-0.049776,1.135576,1.61,-3.955,-3.955,0.1785,0.1935,-0.1875
06-26-2025 19:30:23.067,-0.023668,-0.02806,0.963556,3.325,0.805,-5.145,0.1845,0.1905,-0.1785
06-26-2025 19:30:23.107,0.061244,-0.064172,0.975512,6.615,-0.245,-7.455,0.1785,0.1935,-0.192
06-26-2025 19:30:23.147,-0.004392,-0.065148,0.976244,6.265,1.995,-6.125,0.1665,0.183,-0.186
06-26-2025 19:30:23.187,0.011468,-0.130784,1.027972,7.735,-1.995,-4.305,0.1815,0.1875,-0.174
06-26-2025 19:30:23.227,0.080276,-0.146888,1.047248,5.915,3.185,2.835,0.1725,0.1845,-0.18
06-26-2025 19:30:23.267,-0.001952,-0.076616,1.01504,4.725,4.34,6.825,0.1785,0.186,-0.1935
06-26-2025 19:30:23.307,-0.050264,-0.102724,1.034316,4.305,0.98,8.05,0.18,0.1815,-0.192
06-26-2025 19:30:23.347,-0.010004,-0.09857599,1.058228,2.135,1.855,14.7,0.174,0.189,-0.1815
06-26-2025 19:30:23.387,0.04636,0.000244,0.941596,-2.38,3.36,16.555,0.1755,0.1875,-0.186
06-26-2025 19:30:23.427,-0.033184,-0.031232,1.119716,-1.155,0.63,12.915,0.1965,0.198,-0.1755
06-26-2025 19:30:23.467,-0.001464,-0.00854,0.940376,-2.03,3.885,11.06,0.2025,0.195,-0.186
06-26-2025 19:30:23.507,0.094184,-0.027084,1.186816,0.21,-2.695,6.615,0.21,0.1965,-0.1875
06-26-2025 19:30:23.547,-0.079788,-0.022204,0.945012,-2.905,5.145,7.35,0.204,0.198,-0.198
06-26-2025 19:30:23.587,0.019764,-0.157624,1.107516,2.275,-3.045,3.92,0.21,0.189,-0.192
06-26-2025 19:30:23.627,-0.010736,-0.031476,0.922564,-0.455,5.075,5.215,0.207,0.192,-0.1995
06-26-2025 19:30:23.667,-0.016348,-0.060024,0.967704,3.64,-3.64,3.64,0.213,0.1905,-0.2025
06-26-2025 19:30:23.707,-0.07124799,-0.120536,1.09312,3.01,1.96,5.425,0.2175,0.195,-0.1965
06-26-2025 19:30:23.747,-0.000244,-0.146888,0.94672,2.38,-0.21,8.155,0.2175,0.186,-0.1935
06-26-2025 19:30:23.787,0.00244,-0.096624,1.02114,2.1,-1.085,12.425,0.2295,0.189,-0.2055
06-26-2025 19:30:23.827,0.068076,-0.049776,0.96746,0.595,-1.19,15.785,0.237,0.195,-0.207
06-26-2025 19:30:23.867,0.016592,-0.033428,1.024312,-0.7,0.525,13.65,0.2265,0.1935,-0.2205
06-26-2025 19:30:23.907,-0.046848,-0.085644,0.895724,-1.47,-0.455,12.39,0.2265,0.198,-0.2115
06-26-2025 19:30:23.947,-0.025376,-0.084912,1.125328,-1.155,0.175,12.495,0.2325,0.195,-0.2235
06-26-2025 19:30:23.987,0.040992,-0.01342,0.838872,-3.5,0.875,12.705,0.222,0.201,-0.2265
06-26-2025 19:30:24.027,-0.039772,-0.025132,1.113372,-0.665,-0.245,8.4,0.237,0.21,-0.2325
06-26-2025 19:30:24.067,0.05002,-0.004636,1.00528,-1.925,1.75,7.945,0.24,0.207,-0.2205
06-26-2025 19:30:24.107,0.063196,-0.050752,1.125328,-2.765,0.63,5.425,0.24,0.204,-0.225
06-26-2025 19:30:24.147,0.007076,-0.082472,1.004548,-2.765,0.945,5.11,0.2385,0.201,-0.2355
06-26-2025 19:30:24.187,0.030012,-0.063928,0.935008,-2.065,0.595,5.32,0.2355,0.2055,-0.2235
06-26-2025 19:30:24.227,0.00366,-0.021228,0.967948,-1.26,0.63,5.25,0.2355,0.213,-0.2325
06-26-2025 19:30:24.267,0.01952,-0.040748,1.087508,0.245,-0.77,3.29,0.237,0.2145,-0.225
06-26-2025 19:30:24.307,-0.000488,-0.013908,0.932812,-1.715,0.91,1.995,0.2295,0.21,-0.2295
06-26-2025 19:30:24.347,-0.040016,-0.022204,0.97966,-1.12,-1.82,0.42,0.243,0.2085,-0.2295
06-26-2025 19:30:24.387,0.025132,-0.06344,1.025776,-1.225,-0.49,0.56,0.2415,0.213,-0.237
06-26-2025 19:30:24.427,0.013176,-0.071004,0.969168,-0.91,1.4,-0.84,0.231,0.216,-0.243
06-26-2025 19:30:24.467,0.022692,-0.062708,1.056276,0.07,0.805,-1.05,0.225,0.2115,-0.2325
06-26-2025 19:30:24.507,0.003904,-0.07198,1.00162,-0.245,1.295,1.225,0.2445,0.2175,-0.234
06-26-2025 19:30:24.547,0.010492,-0.131272,0.951112,2.31,1.785,0.875,0.2505,0.2115,-0.2355
06-26-2025 19:30:24.587,-0.000976,-0.083204,1.031144,2.135,-0.245,2.66,0.2475,0.2145,-0.24
06-26-2025 19:30:24.627,0.002196,-0.056364,0.91988,2.66,1.75,2.765,0.246,0.2055,-0.2415
06-26-2025 19:30:24.667,-0.001464,-0.045384,0.925004,1.715,-0.49,2.66,0.2415,0.2145,-0.237
06-26-2025 19:30:24.707,0.001952,-0.068076,1.011624,2.135,-0.07,3.465,0.234,0.21,-0.243
06-26-2025 19:30:24.747,-0.003416,-0.14274,1.108736,1.645,-0.77,5.075,0.2385,0.222,-0.2415
06-26-2025 19:30:24.787,0.007564,-0.059048,0.909144,0.56,3.185,6.65,0.2355,0.2055,-0.2385
06-26-2025 19:30:24.827,0.010736,-0.049044,1.00528,-0.105,-0.595,6.615,0.2445,0.204,-0.2415
06-26-2025 19:30:24.867,-0.069296,-0.10614,0.929152,0.385,0.7,7.49,0.2505,0.21,-0.246
06-26-2025 19:30:24.907,-0.0488,-0.070028,0.832772,-1.96,-2.52,7.595,0.246,0.216,-0.261
06-26-2025 19:30:24.947,0.000244,-0.092476,1.104588,-2.59,-0.665,10.08,0.2415,0.213,-0.2565
06-26-2025 19:30:24.987,0.014884,-0.046848,1.0309,-3.885,0.21,11.935,0.2385,0.2055,-0.2565
06-26-2025 19:30:25.027,-0.00488,0.004392,1.052372,-4.025,-0.84,10.885,0.237,0.207,-0.252
06-26-2025 19:30:25.067,0.010492,-0.01708,0.977708,-5.495,-0.49,10.29,0.243,0.222,-0.252
06-26-2025 19:30:25.107,0.030744,0.007076,1.025288,-6.65,-3.36,6.965,0.2295,0.2115,-0.249
06-26-2025 19:30:25.147,0.024156,-0.031476,1.064816,-7.385,-1.4,3.64,0.225,0.21,-0.2325
06-26-2025 19:30:25.187,-0.009272,0.007076,0.83326,-7.49,-2.345,1.505,0.237,0.2115,-0.237
06-26-2025 19:30:25.227,0.02684,-0.071004,1.086044,-6.58,-2.66,-4.34,0.237,0.2115,-0.237
06-26-2025 19:30:25.267,-0.068076,0.011956,0.905972,-7.035,0.21,-5.53,0.2205,0.216,-0.2415
06-26-2025 19:30:25.307,-0.028548,-0.028304,0.90646,-4.69,-3.78,-8.96,0.225,0.2145,-0.243
06-26-2025 19:30:25.347,0.110288,-0.059292,1.111176,-5.145,-2.24,-11.515,0.225,0.2085,-0.2205
06-26-2025 19:30:25.387,0.00488,-0.045628,0.942572,-6.055,-2.52,-11.025,0.222,0.2175,-0.2175
06-26-2025 19:30:25.427,-0.054168,-0.0305,1.011136,-5.46,-1.645,-12.18,0.219,0.2205,-0.222
06-26-2025 19:30:25.467,0.028792,-0.098332,0.90768,-2.835,-1.365,-13.02,0.2175,0.219,-0.2175
06-26-2025 19:30:25.507,0.003904,-0.076616,1.02602,-3.885,-0.14,-12.81,0.2115,0.222,-0.228
06-26-2025 19:30:25.547,-0.040992,-0.015372,1.006256,-3.78,-1.68,-13.195,0.1875,0.2145,-0.216
06-26-2025 19:30:25.587,0.042456,-0.015128,1.06018,-3.43,0.595,-14.21,0.198,0.213,-0.2025
06-26-2025 19:30:25.627,0.063684,-0.003904,0.980636,-3.22,-0.315,-15.785,0.1905,0.219,-0.201
06-26-2025 19:30:25.667,-0.024156,-0.011468,1.032608,-4.235,0.07,-15.82,0.198,0.2265,-0.201
06-26-2025 19:30:25.707,0.09076799,-0.046116,0.941352,-3.605,-2.205,-15.505,0.201,0.207,-0.1965
06-26-2025 19:30:25.747,-0.007564,-0.087352,0.992592,-1.96,0.63,-15.995,0.1875,0.2085,-0.1965
06-26-2025 19:30:25.787,0.011712,-0.044652,0.925736,-1.715,-1.75,-16.8,0.1845,0.207,-0.189
06-26-2025 19:30:25.827,0.005856,-0.056852,1.015772,0.07,-0.175,-17.57,0.186,0.1995,-0.192
06-26-2025 19:30:25.867,0.00122,-0.055876,0.918416,0,0.7,-16.275,0.183,0.213,-0.186
06-26-2025 19:30:25.907,0.05124,-0.079788,1.098488,0.735,-0.105,-16.975,0.171,0.2025,-0.1815
06-26-2025 19:30:25.947,0.00976,-0.066124,0.882548,1.505,1.785,-15.085,0.1875,0.2115,-0.18
06-26-2025 19:30:25.987,0.002684,-0.061488,1.011136,1.68,0.28,-14.14,0.1905,0.2115,-0.1815
06-26-2025 19:30:26.027,0.021716,-0.11224,0.978196,2.065,1.4,-13.3,0.189,0.204,-0.189
06-26-2025 19:30:26.067,0.010004,-0.121024,1.026508,1.855,-0.35,-12.075,0.177,0.21,-0.174
06-26-2025 19:30:26.107,0.043188,-0.079788,1.05042,1.89,1.855,-8.295,0.171,0.207,-0.174
06-26-2025 19:30:26.147,0.045872,-0.085156,1.028704,2.31,1.12,-7.385,0.1725,0.207,-0.174
06-26-2025 19:30:26.187,0.044896,-0.08295999,0.948428,2.59,0.385,-6.825,0.1665,0.2055,-0.1755
06-26-2025 19:30:26.227,0.009028,-0.065148,1.017236,1.4,1.75,-3.85,0.1785,0.2115,-0.1815
06-26-2025 19:30:26.267,-0.062464,0.023668,0.986492,0.595,0.91,-1.54,0.171,0.2085,-0.1785
06-26-2025 19:30:26.307,0.078812,-0.030012,1.031144,1.12,1.855,-3.71,0.18,0.207,-0.177
06-26-2025 19:30:26.347,-0.01342,-0.02684,0.937936,0.21,2.8,-4.445,0.1815,0.21,-0.1785
06-26-2025 19:30:26.387,-0.04026,-0.07076,1.113372,0.175,-2.135,-5.845,0.183,0.2025,-0.1815
06-26-2025 19:30:26.427,-0.010004,-0.055144,0.864248,1.365,-0.315,-4.2,0.1845,0.2115,-0.1875
06-26-2025 19:30:26.467,0.069052,-0.06222,1.10288,1.855,-2.66,-3.92,0.1845,0.213,-0.177
06-26-2025 19:30:26.507,-0.064172,-0.049776,0.957456,-0.455,2.52,-1.68,0.186,0.2085,-0.1785
06-26-2025 19:30:26.547,0.01342,-0.05612,1.019188,1.33,-2.17,-3.36,0.192,0.2085,-0.183
06-26-2025 19:30:26.587,0.06588,-0.0915,1.049444,0.35,-0.735,-0.595,0.1935,0.2145,-0.198
06-26-2025 19:30:26.627,-0.002684,-0.061976,0.997716,-0.28,-2.24,0.21,0.1845,0.213,-0.1995
06-26-2025 19:30:26.667,-0.007808,-0.061732,1.048712,0.385,-2.24,-0.49,0.1785,0.1995,-0.201
06-26-2025 19:30:26.707,0.026596,-0.063684,0.992104,0.42,-0.7,-0.595,0.177,0.2115,-0.1905
06-26-2025 19:30:26.747,0.102968,-0.066124,1.021628,0.21,-0.07,-1.33,0.174,0.219,-0.1845
06-26-2025 19:30:26.787,-0.111508,-0.060512,0.967704,1.12,-1.435,-1.33,0.1995,0.213,-0.207
06-26-2025 19:30:26.827,0.04514,-0.071004,1.0736,1.225,-3.955,0.14,0.192,0.213,-0.21
06-26-2025 19:30:26.867,0.0671,-0.056608,0.97844,0.665,0.945,-0.245,0.195,0.2175,-0.21
06-26-2025 19:30:26.907,-0.015372,-0.070272,1.032608,0.875,-2.24,-1.4,0.1935,0.2145,-0.2115
06-26-2025 19:30:26.947,-0.100772,-0.122488,0.943792,0.49,0.945,0.315,0.1815,0.2085,-0.213
06-26-2025 19:30:26.987,-0.026108,-0.057096,0.962336,0.7,-0.455,0.805,0.18,0.216,-0.213
06-26-2025 19:30:27.027,-0.030988,-0.050996,0.921832,0.56,1.96,1.925,0.189,0.216,-0.2025
06-26-2025 19:30:27.067,0.040504,-0.054656,1.074332,0.42,0.14,0.42,0.2055,0.219,-0.213
06-26-2025 19:30:27.107,0.02806,-0.045628,0.977464,-0.175,3.15,-0.105,0.1995,0.216,-0.2085
06-26-2025 19:30:27.147,0.017568,-0.055144,0.998204,-2.1,-1.05,0.14,0.201,0.222,-0.2325
06-26-2025 19:30:27.187,-0.020008,-0.080764,0.938668,-1.82,2.31,1.4,0.1875,0.21,-0.219
06-26-2025 19:30:27.227,-0.00854,-0.078812,0.972828,-0.56,1.19,1.19,0.195,0.2205,-0.2265
06-26-2025 19:30:27.267,0.047336,-0.055388,0.966484,-0.49,0.77,1.015,0.192,0.222,-0.2235
06-26-2025 19:30:27.307,-0.000488,-0.063196,1.068964,-0.07,0.63,0.735,0.189,0.2235,-0.222
06-26-2025 19:30:27.347,-0.090036,-0.038552,0.956724,-0.63,2.345,-0.21,0.186,0.216,-0.2265
06-26-2025 19:30:27.387,0.00732,-0.051484,1.047492,-0.63,0.7,-2.17,0.198,0.2235,-0.2295
06-26-2025 19:30:27.427,0.111996,-0.068808,0.934764,1.61,-0.49,-0.665,0.1965,0.2235,-0.2355
06-26-2025 19:30:27.467,-0.017568,-0.108092,1.042856,2.03,1.47,-0.7,0.189,0.222,-0.234
06-26-2025 19:30:27.507,0.027572,-0.053924,0.988444,2.765,-0.21,-1.785,0.1965,0.2205,-0.234
06-26-2025 19:30:27.547,0.006588,-0.072956,1.108736,2.38,2.415,-1.295,0.2025,0.2205,-0.2325
06-26-2025 19:30:27.587,0.024888,0.020008,0.979904,2.94,2.065,-1.365,0.1995,0.222,-0.243
06-26-2025 19:30:27.627,0.014884,-0.070028,1.023824,3.185,1.75,-0.91,0.204,0.2265,-0.2355
06-26-2025 19:30:27.667,0.020008,-0.093208,0.911584,3.64,-1.015,0.98,0.201,0.222,-0.2535
06-26-2025 19:30:27.707,0.035136,-0.06832,1.10776,3.29,0.14,2.31,0.183,0.222,-0.246
06-26-2025 19:30:27.747,0.054656,-0.064416,1.010404,2.8,4.375,4.76,0.1935,0.216,-0.2445
06-26-2025 19:30:27.787,-0.010004,-0.07686,0.950136,4.445,3.045,4.34,0.192,0.216,-0.2385
06-26-2025 19:30:27.827,-0.010736,-0.083936,1.039196,4.235,0.56,5.215,0.192,0.231,-0.2445
06-26-2025 19:30:27.867,0.026108,-0.059048,1.006744,2.205,1.015,8.295,0.189,0.219,-0.2505
06-26-2025 19:30:27.907,0.060512,-0.055876,0.954528,2.135,1.225,9.17,0.1905,0.2205,-0.2565
06-26-2025 19:30:27.947,0.062952,-0.066856,1.037732,2.52,0.945,8.75,0.1755,0.207,-0.2505
06-26-2025 19:30:27.987,0.05978,-0.121756,1.148996,1.75,1.365,10.185,0.1755,0.201,-0.249
06-26-2025 19:30:28.027,0.005124,-0.041968,0.912072,0.665,2.38,12.565,0.183,0.21,-0.2355
06-26-2025 19:30:28.067,0.036112,-0.060512,1.134112,1.785,-0.595,10.675,0.192,0.204,-0.237
06-26-2025 19:30:28.107,0.054168,-0.047824,0.965508,1.155,1.365,11.235,0.1935,0.2085,-0.237
06-26-2025 19:30:28.147,-0.01586,-0.08174,1.043344,0.875,0.735,11.305,0.198,0.2085,-0.2415
06-26-2025 19:30:28.187,-0.049044,-0.063928,0.875228,0.455,2.345,11.025,0.2025,0.1995,-0.2415
06-26-2025 19:30:28.227,0.00488,-0.06466,1.078968,0.945,0.665,9.905,0.1995,0.198,-0.234
06-26-2025 19:30:28.267,0.057096,-0.058804,0.983076,-0.07,2.065,10.885,0.1965,0.2025,-0.228
06-26-2025 19:30:28.307,0.02074,-0.072956,1.016504,0.07,-2.415,10.29,0.186,0.2025,-0.2355
06-26-2025 19:30:28.347,-0.066368,-0.025864,0.935984,-0.84,-2.17,9.555,0.189,0.195,-0.2205
06-26-2025 19:30:28.387,0.037332,-0.080276,1.017236,-0.735,-1.645,9.765,0.1965,0.198,-0.222
06-26-2025 19:30:28.427,0.000732,-0.039772,0.923052,-2.24,3.29,11.585,0.1875,0.1905,-0.2205
06-26-2025 19:30:28.467,-0.11102,-0.088328,1.114104,-1.19,-3.185,9.73,0.204,0.1965,-0.2175
06-26-2025 19:30:28.507,-0.005856,-0.044652,0.981124,-1.505,3.815,10.115,0.195,0.1905,-0.219
06-26-2025 19:30:28.547,0.040504,0.014152,1.042612,-2.45,-1.05,8.61,0.192,0.1905,-0.2085
06-26-2025 19:30:28.587,0.017812,-0.056608,1.010648,-3.29,1.61,7.56,0.1935,0.198,-0.2085
06-26-2025 19:30:28.627,0.118828,-0.007564,1.02846,-3.36,-3.85,5.04,0.195,0.186,-0.21
06-26-2025 19:30:28.667,0.066856,-0.027084,0.98698,-4.34,-2.45,5.53,0.201,0.1905,-0.219
06-26-2025 19:30:28.707,-0.00366,-0.078812,0.900848,-5.6,-4.83,4.655,0.189,0.1965,-0.2055
06-26-2025 19:30:28.747,-0.037088,-0.133956,1.008452,-3.43,-4.585,1.995,0.1875,0.1935,-0.198
06-26-2025 19:30:28.787,-0.034404,-0.026352,0.883524,-4.865,0.105,3.43,0.1755,0.198,-0.1845
06-26-2025 19:30:28.827,-0.020008,-0.033428,0.981124,-3.29,1.05,-1.4,0.2025,0.195,-0.183
06-26-2025 19:30:28.867,-0.069296,0.023424,0.806176,-2.275,3.78,-3.885,0.198,0.1965,-0.1815
06-26-2025 19:30:28.907,-0.08295999,-0.069296,1.043588,-1.715,-0.455,-7.49,0.207,0.201,-0.189
06-26-2025 19:30:28.947,-0.007808,-0.002928,0.90402,-3.185,3.255,-6.72,0.201,0.1995,-0.1905
06-26-2025 19:30:28.987,0.079544,-0.063928,1.178764,-1.12,1.155,-9.03,0.201,0.201,-0.1785
06-26-2025 19:30:29.027,0.025376,-0.04026,1.007476,-0.875,0.35,-8.925,0.2025,0.1905,-0.18
06-26-2025 19:30:29.067,-0.004392,-0.112728,1.079456,0.875,-2.625,-9.52,0.201,0.207,-0.18
06-26-2025 19:30:29.107,0.024888,-0.040992,0.90158,1.54,0.595,-7.245,0.204,0.2055,-0.174
06-26-2025 19:30:29.147,0.02074,-0.05978,1.076528,3.36,-1.435,-10.045,0.21,0.2115,-0.183
